ID,Name,Age,City,Email
1,Sophia,28,New York,sophia@example.com
2,Liam,35,Los Angeles,liam@example.com
3,Olivia,22,Chicago,olivia@example.com
4,Noah,42,San Francisco,noah@example.com
5,Emma,31,Miami,emma@example.com
6,Aiden,29,Dallas,aiden@example.com
7,Isabella,37,Seattle,isabella@example.com
8,Ethan,45,Boston,ethan@example.com
9,Mia,20,Denver,mia@example.com
10,Lucas,32,Atlanta,lucas@example.com
11,Ava,46,New York,ava@example.com
12,James,30,Los Angeles,james@example.com
13,Sophie,24,Chicago,sophie@example.com
14,Logan,33,San Francisco,logan@example.com
15,Aria,49,Miami,aria@example.com
16,Mason,27,Dallas,mason@example.com
17,Chloe,36,Seattle,chloe@example.com
18,Jack,19,Boston,jack@example.com
19,Lily,41,Denver,lily@example.com
20,Liam,32,Atlanta,liam.jr@example.com
21,Ella,45,New York,ella@example.com
22,Benjamin,30,Los Angeles,benjamin@example.com
23,Amelia,23,Chicago,amelia@example.com
24,Elijah,50,San Francisco,elijah@example.com
25,Sofia,35,Miami,sofia@example.com
26,Carter,21,Dallas,carter@example.com
27,Avery,40,Seattle,avery@example.com
28,Owen,26,Boston,owen@example.com
29,Harper,44,Denver,harper@example.com
30,Jackson,38,Atlanta,jackson@example.com
ID,Name,Age,City,Email
1,Sophia,28,New York,sophia@example.com
2,Liam,35,Los Angeles,liam@example.com
3,Olivia,22,Chicago,olivia@example.com
4,Noah,42,San Francisco,noah@example.com
5,Emma,31,Miami,emma@example.com
6,Aiden,29,Dallas,aiden@example.com
7,Isabella,37,Seattle,isabella@example.com
8,Ethan,45,Boston,ethan@example.com
9,Mia,20,Denver,mia@example.com
10,Lucas,32,Atlanta,lucas@example.com
11,Ava,46,New York,ava@example.com
12,James,30,Los Angeles,james@example.com
13,Sophie,24,Chicago,sophie@example.com
14,Logan,33,San Francisco,logan@example.com
15,Aria,49,Miami,aria@example.com
16,Mason,27,Dallas,mason@example.com
17,Chloe,36,Seattle,chloe@example.com
18,Jack,19,Boston,jack@example.com
19,Lily,41,Denver,lily@example.com
20,Liam,32,Atlanta,liam.jr@example.com
21,Ella,45,New York,ella@example.com
22,Benjamin,30,Los Angeles,benjamin@example.com
23,Amelia,23,Chicago,amelia@example.com
24,Elijah,50,San Francisco,elijah@example.com
25,Sofia,35,Miami,sofia@example.com
26,Carter,21,Dallas,carter@example.com
27,Avery,40,Seattle,avery@example.com
28,Owen,26,Boston,owen@example.com
29,Harper,44,Denver,harper@example.com
30,Jackson,38,Atlanta,jackson@example.com
ID,Name,Age,City,Email
1,Sophia,28,New York,sophia@example.com
2,Liam,35,Los Angeles,liam@example.com
3,Olivia,22,Chicago,olivia@example.com
4,Noah,42,San Francisco,noah@example.com
5,Emma,31,Miami,emma@example.com
6,Aiden,29,Dallas,aiden@example.com
7,Isabella,37,Seattle,isabella@example.com
8,Ethan,45,Boston,ethan@example.com
9,Mia,20,Denver,mia@example.com
10,Lucas,32,Atlanta,lucas@example.com
11,Ava,46,New York,ava@example.com
12,James,30,Los Angeles,james@example.com
13,Sophie,24,Chicago,sophie@example.com
14,Logan,33,San Francisco,logan@example.com
15,Aria,49,Miami,aria@example.com
16,Mason,27,Dallas,mason@example.com
17,Chloe,36,Seattle,chloe@example.com
18,Jack,19,Boston,jack@example.com
19,Lily,41,Denver,lily@example.com
20,Liam,32,Atlanta,liam.jr@example.com
21,Ella,45,New York,ella@example.com
22,Benjamin,30,Los Angeles,benjamin@example.com
23,Amelia,23,Chicago,amelia@example.com
24,Elijah,50,San Francisco,elijah@example.com
25,Sofia,35,Miami,sofia@example.com
26,Carter,21,Dallas,carter@example.com
27,Avery,40,Seattle,avery@example.com
28,Owen,26,Boston,owen@example.com
29,Harper,44,Denver,harper@example.com
30,Jackson,38,Atlanta,jackson@example.com
ID,Name,Age,City,Email
1,Sophia,28,New York,sophia@example.com
2,Liam,35,Los Angeles,liam@example.com
3,Olivia,22,Chicago,olivia@example.com
4,Noah,42,San Francisco,noah@example.com
5,Emma,31,Miami,emma@example.com
6,Aiden,29,Dallas,aiden@example.com
7,Isabella,37,Seattle,isabella@example.com
8,Ethan,45,Boston,ethan@example.com
9,Mia,20,Denver,mia@example.com
10,Lucas,32,Atlanta,lucas@example.com
11,Ava,46,New York,ava@example.com
12,James,30,Los Angeles,james@example.com
13,Sophie,24,Chicago,sophie@example.com
14,Logan,33,San Francisco,logan@example.com
15,Aria,49,Miami,aria@example.com
16,Mason,27,Dallas,mason@example.com
17,Chloe,36,Seattle,chloe@example.com
18,Jack,19,Boston,jack@example.com
19,Lily,41,Denver,lily@example.com
20,Liam,32,Atlanta,liam.jr@example.com
21,Ella,45,New York,ella@example.com
22,Benjamin,30,Los Angeles,benjamin@example.com
23,Amelia,23,Chicago,amelia@example.com
24,Elijah,50,San Francisco,elijah@example.com
25,Sofia,35,Miami,sofia@example.com
26,Carter,21,Dallas,carter@example.com
27,Avery,40,Seattle,avery@example.com
28,Owen,26,Boston,owen@example.com
29,Harper,44,Denver,harper@example.com
30,Jackson,38,Atlanta,jackson@example.com
ID,Name,Age,City,Email
1,Sophia,28,New York,sophia@example.com
2,Liam,35,Los Angeles,liam@example.com
3,Olivia,22,Chicago,olivia@example.com
4,Noah,42,San Francisco,noah@example.com
5,Emma,31,Miami,emma@example.com
6,Aiden,29,Dallas,aiden@example.com
7,Isabella,37,Seattle,isabella@example.com
8,Ethan,45,Boston,ethan@example.com
9,Mia,20,Denver,mia@example.com
10,Lucas,32,Atlanta,lucas@example.com
11,Ava,46,New York,ava@example.com
12,James,30,Los Angeles,james@example.com
13,Sophie,24,Chicago,sophie@example.com
14,Logan,33,San Francisco,logan@example.com
15,Aria,49,Miami,aria@example.com
16,Mason,27,Dallas,mason@example.com
17,Chloe,36,Seattle,chloe@example.com
18,Jack,19,Boston,jack@example.com
19,Lily,41,Denver,lily@example.com
20,Liam,32,Atlanta,liam.jr@example.com
21,Ella,45,New York,ella@example.com
22,Benjamin,30,Los Angeles,benjamin@example.com
23,Amelia,23,Chicago,amelia@example.com
24,Elijah,50,San Francisco,elijah@example.com
25,Sofia,35,Miami,sofia@example.com
26,Carter,21,Dallas,carter@example.com
27,Avery,40,Seattle,avery@example.com
28,Owen,26,Boston,owen@example.com
29,Harper,44,Denver,harper@example.com
30,Jackson,38,Atlanta,jackson@example.com
ID,Name,Age,City,Email
1,Sophia,28,New York,sophia@example.com
2,Liam,35,Los Angeles,liam@example.com
3,Olivia,22,Chicago,olivia@example.com
4,Noah,42,San Francisco,noah@example.com
5,Emma,31,Miami,emma@example.com
6,Aiden,29,Dallas,aiden@example.com
7,Isabella,37,Seattle,isabella@example.com
8,Ethan,45,Boston,ethan@example.com
9,Mia,20,Denver,mia@example.com
10,Lucas,32,Atlanta,lucas@example.com
11,Ava,46,New York,ava@example.com
12,James,30,Los Angeles,james@example.com
13,Sophie,24,Chicago,sophie@example.com
14,Logan,33,San Francisco,logan@example.com
15,Aria,49,Miami,aria@example.com
16,Mason,27,Dallas,mason@example.com
17,Chloe,36,Seattle,chloe@example.com
18,Jack,19,Boston,jack@example.com
19,Lily,41,Denver,lily@example.com
20,Liam,32,Atlanta,liam.jr@example.com
21,Ella,45,New York,ella@example.com
22,Benjamin,30,Los Angeles,benjamin@example.com
23,Amelia,23,Chicago,amelia@example.com
24,Elijah,50,San Francisco,elijah@example.com
25,Sofia,35,Miami,sofia@example.com
26,Carter,21,Dallas,carter@example.com
27,Avery,40,Seattle,avery@example.com
28,Owen,26,Boston,owen@example.com
29,Harper,44,Denver,harper@example.com
30,Jackson,38,Atlanta,jackson@example.com
ID,Name,Age,City,Email
1,Sophia,28,New York,sophia@example.com
2,Liam,35,Los Angeles,liam@example.com
3,Olivia,22,Chicago,olivia@example.com
4,Noah,42,San Francisco,noah@example.com
5,Emma,31,Miami,emma@example.com
6,Aiden,29,Dallas,aiden@example.com
7,Isabella,37,Seattle,isabella@example.com
8,Ethan,45,Boston,ethan@example.com
9,Mia,20,Denver,mia@example.com
10,Lucas,32,Atlanta,lucas@example.com
11,Ava,46,New York,ava@example.com
12,James,30,Los Angeles,james@example.com
13,Sophie,24,Chicago,sophie@example.com
14,Logan,33,San Francisco,logan@example.com
15,Aria,49,Miami,aria@example.com
16,Mason,27,Dallas,mason@example.com
17,Chloe,36,Seattle,chloe@example.com
18,Jack,19,Boston,jack@example.com
19,Lily,41,Denver,lily@example.com
20,Liam,32,Atlanta,liam.jr@example.com
21,Ella,45,New York,ella@example.com
22,Benjamin,30,Los Angeles,benjamin@example.com
23,Amelia,23,Chicago,amelia@example.com
24,Elijah,50,San Francisco,elijah@example.com
25,Sofia,35,Miami,sofia@example.com
26,Carter,21,Dallas,carter@example.com
27,Avery,40,Seattle,avery@example.com
28,Owen,26,Boston,owen@example.com
29,Harper,44,Denver,harper@example.com
30,Jackson,38,Atlanta,jackson@example.com
ID,Name,Age,City,Email
1,Sophia,28,New York,sophia@example.com
2,Liam,35,Los Angeles,liam@example.com
3,Olivia,22,Chicago,olivia@example.com
4,Noah,42,San Francisco,noah@example.com
5,Emma,31,Miami,emma@example.com
6,Aiden,29,Dallas,aiden@example.com
7,Isabella,37,Seattle,isabella@example.com
8,Ethan,45,Boston,ethan@example.com
9,Mia,20,Denver,mia@example.com
10,Lucas,32,Atlanta,lucas@example.com
11,Ava,46,New York,ava@example.com
12,James,30,Los Angeles,james@example.com
13,Sophie,24,Chicago,sophie@example.com
14,Logan,33,San Francisco,logan@example.com
15,Aria,49,Miami,aria@example.com
16,Mason,27,Dallas,mason@example.com
17,Chloe,36,Seattle,chloe@example.com
18,Jack,19,Boston,jack@example.com
19,Lily,41,Denver,lily@example.com
20,Liam,32,Atlanta,liam.jr@example.com
21,Ella,45,New York,ella@example.com
22,Benjamin,30,Los Angeles,benjamin@example.com
23,Amelia,23,Chicago,amelia@example.com
24,Elijah,50,San Francisco,elijah@example.com
25,Sofia,35,Miami,sofia@example.com
26,Carter,21,Dallas,carter@example.com
27,Avery,40,Seattle,avery@example.com
28,Owen,26,Boston,owen@example.com
29,Harper,44,Denver,harper@example.com
30,Jackson,38,Atlanta,jackson@example.com
ID,Name,Age,City,Email
1,Sophia,28,New York,sophia@example.com
2,Liam,35,Los Angeles,liam@example.com
3,Olivia,22,Chicago,olivia@example.com
4,Noah,42,San Francisco,noah@example.com
5,Emma,31,Miami,emma@example.com
6,Aiden,29,Dallas,aiden@example.com
7,Isabella,37,Seattle,isabella@example.com
8,Ethan,45,Boston,ethan@example.com
9,Mia,20,Denver,mia@example.com
10,Lucas,32,Atlanta,lucas@example.com
11,Ava,46,New York,ava@example.com
12,James,30,Los Angeles,james@example.com
13,Sophie,24,Chicago,sophie@example.com
14,Logan,33,San Francisco,logan@example.com
15,Aria,49,Miami,aria@example.com
16,Mason,27,Dallas,mason@example.com
17,Chloe,36,Seattle,chloe@example.com
18,Jack,19,Boston,jack@example.com
19,Lily,41,Denver,lily@example.com
20,Liam,32,Atlanta,liam.jr@example.com
21,Ella,45,New York,ella@example.com
22,Benjamin,30,Los Angeles,benjamin@example.com
23,Amelia,23,Chicago,amelia@example.com
24,Elijah,50,San Francisco,elijah@example.com
25,Sofia,35,Miami,sofia@example.com
26,Carter,21,Dallas,carter@example.com
27,Avery,40,Seattle,avery@example.com
28,Owen,26,Boston,owen@example.com
29,Harper,44,Denver,harper@example.com
30,Jackson,38,Atlanta,jackson@example.com
ID,Name,Age,City,Email
1,Sophia,28,New York,sophia@example.com
2,Liam,35,Los Angeles,liam@example.com
3,Olivia,22,Chicago,olivia@example.com
4,Noah,42,San Francisco,noah@example.com
5,Emma,31,Miami,emma@example.com
6,Aiden,29,Dallas,aiden@example.com
7,Isabella,37,Seattle,isabella@example.com
8,Ethan,45,Boston,ethan@example.com
9,Mia,20,Denver,mia@example.com
10,Lucas,32,Atlanta,lucas@example.com
11,Ava,46,New York,ava@example.com
12,James,30,Los Angeles,james@example.com
13,Sophie,24,Chicago,sophie@example.com
14,Logan,33,San Francisco,logan@example.com
15,Aria,49,Miami,aria@example.com
16,Mason,27,Dallas,mason@example.com
17,Chloe,36,Seattle,chloe@example.com
18,Jack,19,Boston,jack@example.com
19,Lily,41,Denver,lily@example.com
20,Liam,32,Atlanta,liam.jr@example.com
21,Ella,45,New York,ella@example.com
22,Benjamin,30,Los Angeles,benjamin@example.com
23,Amelia,23,Chicago,amelia@example.com
24,Elijah,50,San Francisco,elijah@example.com
25,Sofia,35,Miami,sofia@example.com
26,Carter,21,Dallas,carter@example.com
27,Avery,40,Seattle,avery@example.com
28,Owen,26,Boston,owen@example.com
29,Harper,44,Denver,harper@example.com
30,Jackson,38,Atlanta,jackson@example.com
ID,Name,Age,City,Email
1,Sophia,28,New York,sophia@example.com
2,Liam,35,Los Angeles,liam@example.com
3,Olivia,22,Chicago,olivia@example.com
4,Noah,42,San Francisco,noah@example.com
5,Emma,31,Miami,emma@example.com
6,Aiden,29,Dallas,aiden@example.com
7,Isabella,37,Seattle,isabella@example.com
8,Ethan,45,Boston,ethan@example.com
9,Mia,20,Denver,mia@example.com
10,Lucas,32,Atlanta,lucas@example.com
11,Ava,46,New York,ava@example.com
12,James,30,Los Angeles,james@example.com
13,Sophie,24,Chicago,sophie@example.com
14,Logan,33,San Francisco,logan@example.com
15,Aria,49,Miami,aria@example.com
16,Mason,27,Dallas,mason@example.com
17,Chloe,36,Seattle,chloe@example.com
18,Jack,19,Boston,jack@example.com
19,Lily,41,Denver,lily@example.com
20,Liam,32,Atlanta,liam.jr@example.com
21,Ella,45,New York,ella@example.com
22,Benjamin,30,Los Angeles,benjamin@example.com
23,Amelia,23,Chicago,amelia@example.com
24,Elijah,50,San Francisco,elijah@example.com
25,Sofia,35,Miami,sofia@example.com
26,Carter,21,Dallas,carter@example.com
27,Avery,40,Seattle,avery@example.com
28,Owen,26,Boston,owen@example.com
29,Harper,44,Denver,harper@example.com
30,Jackson,38,Atlanta,jackson@example.com
ID,Name,Age,City,Email
1,Sophia,28,New York,sophia@example.com
2,Liam,35,Los Angeles,liam@example.com
3,Olivia,22,Chicago,olivia@example.com
4,Noah,42,San Francisco,noah@example.com
5,Emma,31,Miami,emma@example.com
6,Aiden,29,Dallas,aiden@example.com
7,Isabella,37,Seattle,isabella@example.com
8,Ethan,45,Boston,ethan@example.com
9,Mia,20,Denver,mia@example.com
10,Lucas,32,Atlanta,lucas@example.com
11,Ava,46,New York,ava@example.com
12,James,30,Los Angeles,james@example.com
13,Sophie,24,Chicago,sophie@example.com
14,Logan,33,San Francisco,logan@example.com
15,Aria,49,Miami,aria@example.com
16,Mason,27,Dallas,mason@example.com
17,Chloe,36,Seattle,chloe@example.com
18,Jack,19,Boston,jack@example.com
19,Lily,41,Denver,lily@example.com
20,Liam,32,Atlanta,liam.jr@example.com
21,Ella,45,New York,ella@example.com
22,Benjamin,30,Los Angeles,benjamin@example.com
23,Amelia,23,Chicago,amelia@example.com
24,Elijah,50,San Francisco,elijah@example.com
25,Sofia,35,Miami,sofia@example.com
26,Carter,21,Dallas,carter@example.com
27,Avery,40,Seattle,avery@example.com
28,Owen,26,Boston,owen@example.com
29,Harper,44,Denver,harper@example.com
30,Jackson,38,Atlanta,jackson@example.com
ID,Name,Age,City,Email
1,Sophia,28,New York,sophia@example.com
2,Liam,35,Los Angeles,liam@example.com
3,Olivia,22,Chicago,olivia@example.com
4,Noah,42,San Francisco,noah@example.com
5,Emma,31,Miami,emma@example.com
6,Aiden,29,Dallas,aiden@example.com
7,Isabella,37,Seattle,isabella@example.com
8,Ethan,45,Boston,ethan@example.com
9,Mia,20,Denver,mia@example.com
10,Lucas,32,Atlanta,lucas@example.com
11,Ava,46,New York,ava@example.com
12,James,30,Los Angeles,james@example.com
13,Sophie,24,Chicago,sophie@example.com
14,Logan,33,San Francisco,logan@example.com
15,Aria,49,Miami,aria@example.com
16,Mason,27,Dallas,mason@example.com
17,Chloe,36,Seattle,chloe@example.com
18,Jack,19,Boston,jack@example.com
19,Lily,41,Denver,lily@example.com
20,Liam,32,Atlanta,liam.jr@example.com
21,Ella,45,New York,ella@example.com
22,Benjamin,30,Los Angeles,benjamin@example.com
23,Amelia,23,Chicago,amelia@example.com
24,Elijah,50,San Francisco,elijah@example.com
25,Sofia,35,Miami,sofia@example.com
26,Carter,21,Dallas,carter@example.com
27,Avery,40,Seattle,avery@example.com
28,Owen,26,Boston,owen@example.com
29,Harper,44,Denver,harper@example.com
30,Jackson,38,Atlanta,jackson@example.com
ID,Name,Age,City,Email
1,Sophia,28,New York,sophia@example.com
2,Liam,35,Los Angeles,liam@example.com
3,Olivia,22,Chicago,olivia@example.com
4,Noah,42,San Francisco,noah@example.com
5,Emma,31,Miami,emma@example.com
6,Aiden,29,Dallas,aiden@example.com
7,Isabella,37,Seattle,isabella@example.com
8,Ethan,45,Boston,ethan@example.com
9,Mia,20,Denver,mia@example.com
10,Lucas,32,Atlanta,lucas@example.com
11,Ava,46,New York,ava@example.com
12,James,30,Los Angeles,james@example.com
13,Sophie,24,Chicago,sophie@example.com
14,Logan,33,San Francisco,logan@example.com
15,Aria,49,Miami,aria@example.com
16,Mason,27,Dallas,mason@example.com
17,Chloe,36,Seattle,chloe@example.com
18,Jack,19,Boston,jack@example.com
19,Lily,41,Denver,lily@example.com
20,Liam,32,Atlanta,liam.jr@example.com
21,Ella,45,New York,ella@example.com
22,Benjamin,30,Los Angeles,benjamin@example.com
23,Amelia,23,Chicago,amelia@example.com
24,Elijah,50,San Francisco,elijah@example.com
25,Sofia,35,Miami,sofia@example.com
26,Carter,21,Dallas,carter@example.com
27,Avery,40,Seattle,avery@example.com
28,Owen,26,Boston,owen@example.com
29,Harper,44,Denver,harper@example.com
30,Jackson,38,Atlanta,jackson@example.com
ID,Name,Age,City,Email
1,Sophia,28,New York,sophia@example.com
2,Liam,35,Los Angeles,liam@example.com
3,Olivia,22,Chicago,olivia@example.com
4,Noah,42,San Francisco,noah@example.com
5,Emma,31,Miami,emma@example.com
6,Aiden,29,Dallas,aiden@example.com
7,Isabella,37,Seattle,isabella@example.com
8,Ethan,45,Boston,ethan@example.com
9,Mia,20,Denver,mia@example.com
10,Lucas,32,Atlanta,lucas@example.com
11,Ava,46,New York,ava@example.com
12,James,30,Los Angeles,james@example.com
13,Sophie,24,Chicago,sophie@example.com
14,Logan,33,San Francisco,logan@example.com
15,Aria,49,Miami,aria@example.com
16,Mason,27,Dallas,mason@example.com
17,Chloe,36,Seattle,chloe@example.com
18,Jack,19,Boston,jack@example.com
19,Lily,41,Denver,lily@example.com
20,Liam,32,Atlanta,liam.jr@example.com
21,Ella,45,New York,ella@example.com
22,Benjamin,30,Los Angeles,benjamin@example.com
23,Amelia,23,Chicago,amelia@example.com
24,Elijah,50,San Francisco,elijah@example.com
25,Sofia,35,Miami,sofia@example.com
26,Carter,21,Dallas,carter@example.com
27,Avery,40,Seattle,avery@example.com
28,Owen,26,Boston,owen@example.com
29,Harper,44,Denver,harper@example.com
30,Jackson,38,Atlanta,jackson@example.com
ID,Name,Age,City,Email
1,Sophia,28,New York,sophia@example.com
2,Liam,35,Los Angeles,liam@example.com
3,Olivia,22,Chicago,olivia@example.com
4,Noah,42,San Francisco,noah@example.com
5,Emma,31,Miami,emma@example.com
6,Aiden,29,Dallas,aiden@example.com
7,Isabella,37,Seattle,isabella@example.com
8,Ethan,45,Boston,ethan@example.com
9,Mia,20,Denver,mia@example.com
10,Lucas,32,Atlanta,lucas@example.com
11,Ava,46,New York,ava@example.com
12,James,30,Los Angeles,james@example.com
13,Sophie,24,Chicago,sophie@example.com
14,Logan,33,San Francisco,logan@example.com
15,Aria,49,Miami,aria@example.com
16,Mason,27,Dallas,mason@example.com
17,Chloe,36,Seattle,chloe@example.com
18,Jack,19,Boston,jack@example.com
19,Lily,41,Denver,lily@example.com
20,Liam,32,Atlanta,liam.jr@example.com
21,Ella,45,New York,ella@example.com
22,Benjamin,30,Los Angeles,benjamin@example.com
23,Amelia,23,Chicago,amelia@example.com
24,Elijah,50,San Francisco,elijah@example.com
25,Sofia,35,Miami,sofia@example.com
26,Carter,21,Dallas,carter@example.com
27,Avery,40,Seattle,avery@example.com
28,Owen,26,Boston,owen@example.com
29,Harper,44,Denver,harper@example.com
30,Jackson,38,Atlanta,jackson@example.com
ID,Name,Age,City,Email
1,Sophia,28,New York,sophia@example.com
2,Liam,35,Los Angeles,liam@example.com
3,Olivia,22,Chicago,olivia@example.com
4,Noah,42,San Francisco,noah@example.com
5,Emma,31,Miami,emma@example.com
6,Aiden,29,Dallas,aiden@example.com
7,Isabella,37,Seattle,isabella@example.com
8,Ethan,45,Boston,ethan@example.com
9,Mia,20,Denver,mia@example.com
10,Lucas,32,Atlanta,lucas@example.com
11,Ava,46,New York,ava@example.com
12,James,30,Los Angeles,james@example.com
13,Sophie,24,Chicago,sophie@example.com
14,Logan,33,San Francisco,logan@example.com
15,Aria,49,Miami,aria@example.com
16,Mason,27,Dallas,mason@example.com
17,Chloe,36,Seattle,chloe@example.com
18,Jack,19,Boston,jack@example.com
19,Lily,41,Denver,lily@example.com
20,Liam,32,Atlanta,liam.jr@example.com
21,Ella,45,New York,ella@example.com
22,Benjamin,30,Los Angeles,benjamin@example.com
23,Amelia,23,Chicago,amelia@example.com
24,Elijah,50,San Francisco,elijah@example.com
25,Sofia,35,Miami,sofia@example.com
26,Carter,21,Dallas,carter@example.com
27,Avery,40,Seattle,avery@example.com
28,Owen,26,Boston,owen@example.com
29,Harper,44,Denver,harper@example.com
30,Jackson,38,Atlanta,jackson@example.com
ID,Name,Age,City,Email
1,Sophia,28,New York,sophia@example.com
2,Liam,35,Los Angeles,liam@example.com
3,Olivia,22,Chicago,olivia@example.com
4,Noah,42,San Francisco,noah@example.com
5,Emma,31,Miami,emma@example.com
6,Aiden,29,Dallas,aiden@example.com
7,Isabella,37,Seattle,isabella@example.com
8,Ethan,45,Boston,ethan@example.com
9,Mia,20,Denver,mia@example.com
10,Lucas,32,Atlanta,lucas@example.com
11,Ava,46,New York,ava@example.com
12,James,30,Los Angeles,james@example.com
13,Sophie,24,Chicago,sophie@example.com
14,Logan,33,San Francisco,logan@example.com
15,Aria,49,Miami,aria@example.com
16,Mason,27,Dallas,mason@example.com
17,Chloe,36,Seattle,chloe@example.com
18,Jack,19,Boston,jack@example.com
19,Lily,41,Denver,lily@example.com
20,Liam,32,Atlanta,liam.jr@example.com
21,Ella,45,New York,ella@example.com
22,Benjamin,30,Los Angeles,benjamin@example.com
23,Amelia,23,Chicago,amelia@example.com
24,Elijah,50,San Francisco,elijah@example.com
25,Sofia,35,Miami,sofia@example.com
26,Carter,21,Dallas,carter@example.com
27,Avery,40,Seattle,avery@example.com
28,Owen,26,Boston,owen@example.com
29,Harper,44,Denver,harper@example.com
30,Jackson,38,Atlanta,jackson@example.com
ID,Name,Age,City,Email
1,Sophia,28,New York,sophia@example.com
2,Liam,35,Los Angeles,liam@example.com
3,Olivia,22,Chicago,olivia@example.com
4,Noah,42,San Francisco,noah@example.com
5,Emma,31,Miami,emma@example.com
6,Aiden,29,Dallas,aiden@example.com
7,Isabella,37,Seattle,isabella@example.com
8,Ethan,45,Boston,ethan@example.com
9,Mia,20,Denver,mia@example.com
10,Lucas,32,Atlanta,lucas@example.com
11,Ava,46,New York,ava@example.com
12,James,30,Los Angeles,james@example.com
13,Sophie,24,Chicago,sophie@example.com
14,Logan,33,San Francisco,logan@example.com
15,Aria,49,Miami,aria@example.com
16,Mason,27,Dallas,mason@example.com
17,Chloe,36,Seattle,chloe@example.com
18,Jack,19,Boston,jack@example.com
19,Lily,41,Denver,lily@example.com
20,Liam,32,Atlanta,liam.jr@example.com
21,Ella,45,New York,ella@example.com
22,Benjamin,30,Los Angeles,benjamin@example.com
23,Amelia,23,Chicago,amelia@example.com
24,Elijah,50,San Francisco,elijah@example.com
25,Sofia,35,Miami,sofia@example.com
26,Carter,21,Dallas,carter@example.com
27,Avery,40,Seattle,avery@example.com
28,Owen,26,Boston,owen@example.com
29,Harper,44,Denver,harper@example.com
30,Jackson,38,Atlanta,jackson@example.com
ID,Name,Age,City,Email
1,Sophia,28,New York,sophia@example.com
2,Liam,35,Los Angeles,liam@example.com
3,Olivia,22,Chicago,olivia@example.com
4,Noah,42,San Francisco,noah@example.com
5,Emma,31,Miami,emma@example.com
6,Aiden,29,Dallas,aiden@example.com
7,Isabella,37,Seattle,isabella@example.com
8,Ethan,45,Boston,ethan@example.com
9,Mia,20,Denver,mia@example.com
10,Lucas,32,Atlanta,lucas@example.com
11,Ava,46,New York,ava@example.com
12,James,30,Los Angeles,james@example.com
13,Sophie,24,Chicago,sophie@example.com
14,Logan,33,San Francisco,logan@example.com
15,Aria,49,Miami,aria@example.com
16,Mason,27,Dallas,mason@example.com
17,Chloe,36,Seattle,chloe@example.com
18,Jack,19,Boston,jack@example.com
19,Lily,41,Denver,lily@example.com
20,Liam,32,Atlanta,liam.jr@example.com
21,Ella,45,New York,ella@example.com
22,Benjamin,30,Los Angeles,benjamin@example.com
23,Amelia,23,Chicago,amelia@example.com
24,Elijah,50,San Francisco,elijah@example.com
25,Sofia,35,Miami,sofia@example.com
26,Carter,21,Dallas,carter@example.com
27,Avery,40,Seattle,avery@example.com
28,Owen,26,Boston,owen@example.com
29,Harper,44,Denver,harper@example.com
30,Jackson,38,Atlanta,jackson@example.com
ID,Name,Age,City,Email
1,Sophia,28,New York,sophia@example.com
2,Liam,35,Los Angeles,liam@example.com
3,Olivia,22,Chicago,olivia@example.com
4,Noah,42,San Francisco,noah@example.com
5,Emma,31,Miami,emma@example.com
6,Aiden,29,Dallas,aiden@example.com
7,Isabella,37,Seattle,isabella@example.com
8,Ethan,45,Boston,ethan@example.com
9,Mia,20,Denver,mia@example.com
10,Lucas,32,Atlanta,lucas@example.com
11,Ava,46,New York,ava@example.com
12,James,30,Los Angeles,james@example.com
13,Sophie,24,Chicago,sophie@example.com
14,Logan,33,San Francisco,logan@example.com
15,Aria,49,Miami,aria@example.com
16,Mason,27,Dallas,mason@example.com
17,Chloe,36,Seattle,chloe@example.com
18,Jack,19,Boston,jack@example.com
19,Lily,41,Denver,lily@example.com
20,Liam,32,Atlanta,liam.jr@example.com
21,Ella,45,New York,ella@example.com
22,Benjamin,30,Los Angeles,benjamin@example.com
23,Amelia,23,Chicago,amelia@example.com
24,Elijah,50,San Francisco,elijah@example.com
25,Sofia,35,Miami,sofia@example.com
26,Carter,21,Dallas,carter@example.com
27,Avery,40,Seattle,avery@example.com
28,Owen,26,Boston,owen@example.com
29,Harper,44,Denver,harper@example.com
30,Jackson,38,Atlanta,jackson@example.com
ID,Name,Age,City,Email
1,Sophia,28,New York,sophia@example.com
2,Liam,35,Los Angeles,liam@example.com
3,Olivia,22,Chicago,olivia@example.com
4,Noah,42,San Francisco,noah@example.com
5,Emma,31,Miami,emma@example.com
6,Aiden,29,Dallas,aiden@example.com
7,Isabella,37,Seattle,isabella@example.com
8,Ethan,45,Boston,ethan@example.com
9,Mia,20,Denver,mia@example.com
10,Lucas,32,Atlanta,lucas@example.com
11,Ava,46,New York,ava@example.com
12,James,30,Los Angeles,james@example.com
13,Sophie,24,Chicago,sophie@example.com
14,Logan,33,San Francisco,logan@example.com
15,Aria,49,Miami,aria@example.com
16,Mason,27,Dallas,mason@example.com
17,Chloe,36,Seattle,chloe@example.com
18,Jack,19,Boston,jack@example.com
19,Lily,41,Denver,lily@example.com
20,Liam,32,Atlanta,liam.jr@example.com
21,Ella,45,New York,ella@example.com
22,Benjamin,30,Los Angeles,benjamin@example.com
23,Amelia,23,Chicago,amelia@example.com
24,Elijah,50,San Francisco,elijah@example.com
25,Sofia,35,Miami,sofia@example.com
26,Carter,21,Dallas,carter@example.com
27,Avery,40,Seattle,avery@example.com
28,Owen,26,Boston,owen@example.com
29,Harper,44,Denver,harper@example.com
30,Jackson,38,Atlanta,jackson@example.com
ID,Name,Age,City,Email
1,Sophia,28,New York,sophia@example.com
2,Liam,35,Los Angeles,liam@example.com
3,Olivia,22,Chicago,olivia@example.com
4,Noah,42,San Francisco,noah@example.com
5,Emma,31,Miami,emma@example.com
6,Aiden,29,Dallas,aiden@example.com
7,Isabella,37,Seattle,isabella@example.com
8,Ethan,45,Boston,ethan@example.com
9,Mia,20,Denver,mia@example.com
10,Lucas,32,Atlanta,lucas@example.com
11,Ava,46,New York,ava@example.com
12,James,30,Los Angeles,james@example.com
13,Sophie,24,Chicago,sophie@example.com
14,Logan,33,San Francisco,logan@example.com
15,Aria,49,Miami,aria@example.com
16,Mason,27,Dallas,mason@example.com
17,Chloe,36,Seattle,chloe@example.com
18,Jack,19,Boston,jack@example.com
19,Lily,41,Denver,lily@example.com
20,Liam,32,Atlanta,liam.jr@example.com
21,Ella,45,New York,ella@example.com
22,Benjamin,30,Los Angeles,benjamin@example.com
23,Amelia,23,Chicago,amelia@example.com
24,Elijah,50,San Francisco,elijah@example.com
25,Sofia,35,Miami,sofia@example.com
26,Carter,21,Dallas,carter@example.com
27,Avery,40,Seattle,avery@example.com
28,Owen,26,Boston,owen@example.com
29,Harper,44,Denver,harper@example.com
30,Jackson,38,Atlanta,jackson@example.com
ID,Name,Age,City,Email
1,Sophia,28,New York,sophia@example.com
2,Liam,35,Los Angeles,liam@example.com
3,Olivia,22,Chicago,olivia@example.com
4,Noah,42,San Francisco,noah@example.com
5,Emma,31,Miami,emma@example.com
6,Aiden,29,Dallas,aiden@example.com
7,Isabella,37,Seattle,isabella@example.com
8,Ethan,45,Boston,ethan@example.com
9,Mia,20,Denver,mia@example.com
10,Lucas,32,Atlanta,lucas@example.com
11,Ava,46,New York,ava@example.com
12,James,30,Los Angeles,james@example.com
13,Sophie,24,Chicago,sophie@example.com
14,Logan,33,San Francisco,logan@example.com
15,Aria,49,Miami,aria@example.com
16,Mason,27,Dallas,mason@example.com
17,Chloe,36,Seattle,chloe@example.com
18,Jack,19,Boston,jack@example.com
19,Lily,41,Denver,lily@example.com
20,Liam,32,Atlanta,liam.jr@example.com
21,Ella,45,New York,ella@example.com
22,Benjamin,30,Los Angeles,benjamin@example.com
23,Amelia,23,Chicago,amelia@example.com
24,Elijah,50,San Francisco,elijah@example.com
25,Sofia,35,Miami,sofia@example.com
26,Carter,21,Dallas,carter@example.com
27,Avery,40,Seattle,avery@example.com
28,Owen,26,Boston,owen@example.com
29,Harper,44,Denver,harper@example.com
30,Jackson,38,Atlanta,jackson@example.com
ID,Name,Age,City,Email
1,Sophia,28,New York,sophia@example.com
2,Liam,35,Los Angeles,liam@example.com
3,Olivia,22,Chicago,olivia@example.com
4,Noah,42,San Francisco,noah@example.com
5,Emma,31,Miami,emma@example.com
6,Aiden,29,Dallas,aiden@example.com
7,Isabella,37,Seattle,isabella@example.com
8,Ethan,45,Boston,ethan@example.com
9,Mia,20,Denver,mia@example.com
10,Lucas,32,Atlanta,lucas@example.com
11,Ava,46,New York,ava@example.com
12,James,30,Los Angeles,james@example.com
13,Sophie,24,Chicago,sophie@example.com
14,Logan,33,San Francisco,logan@example.com
15,Aria,49,Miami,aria@example.com
16,Mason,27,Dallas,mason@example.com
17,Chloe,36,Seattle,chloe@example.com
18,Jack,19,Boston,jack@example.com
19,Lily,41,Denver,lily@example.com
20,Liam,32,Atlanta,liam.jr@example.com
21,Ella,45,New York,ella@example.com
22,Benjamin,30,Los Angeles,benjamin@example.com
23,Amelia,23,Chicago,amelia@example.com
24,Elijah,50,San Francisco,elijah@example.com
25,Sofia,35,Miami,sofia@example.com
26,Carter,21,Dallas,carter@example.com
27,Avery,40,Seattle,avery@example.com
28,Owen,26,Boston,owen@example.com
29,Harper,44,Denver,harper@example.com
30,Jackson,38,Atlanta,jackson@example.com
ID,Name,Age,City,Email
1,Sophia,28,New York,sophia@example.com
2,Liam,35,Los Angeles,liam@example.com
3,Olivia,22,Chicago,olivia@example.com
4,Noah,42,San Francisco,noah@example.com
5,Emma,31,Miami,emma@example.com
6,Aiden,29,Dallas,aiden@example.com
7,Isabella,37,Seattle,isabella@example.com
8,Ethan,45,Boston,ethan@example.com
9,Mia,20,Denver,mia@example.com
10,Lucas,32,Atlanta,lucas@example.com
11,Ava,46,New York,ava@example.com
12,James,30,Los Angeles,james@example.com
13,Sophie,24,Chicago,sophie@example.com
14,Logan,33,San Francisco,logan@example.com
15,Aria,49,Miami,aria@example.com
16,Mason,27,Dallas,mason@example.com
17,Chloe,36,Seattle,chloe@example.com
18,Jack,19,Boston,jack@example.com
19,Lily,41,Denver,lily@example.com
20,Liam,32,Atlanta,liam.jr@example.com
21,Ella,45,New York,ella@example.com
22,Benjamin,30,Los Angeles,benjamin@example.com
23,Amelia,23,Chicago,amelia@example.com
24,Elijah,50,San Francisco,elijah@example.com
25,Sofia,35,Miami,sofia@example.com
26,Carter,21,Dallas,carter@example.com
27,Avery,40,Seattle,avery@example.com
28,Owen,26,Boston,owen@example.com
29,Harper,44,Denver,harper@example.com
30,Jackson,38,Atlanta,jackson@example.com
ID,Name,Age,City,Email
1,Sophia,28,New York,sophia@example.com
2,Liam,35,Los Angeles,liam@example.com
3,Olivia,22,Chicago,olivia@example.com
4,Noah,42,San Francisco,noah@example.com
5,Emma,31,Miami,emma@example.com
6,Aiden,29,Dallas,aiden@example.com
7,Isabella,37,Seattle,isabella@example.com
8,Ethan,45,Boston,ethan@example.com
9,Mia,20,Denver,mia@example.com
10,Lucas,32,Atlanta,lucas@example.com
11,Ava,46,New York,ava@example.com
12,James,30,Los Angeles,james@example.com
13,Sophie,24,Chicago,sophie@example.com
14,Logan,33,San Francisco,logan@example.com
15,Aria,49,Miami,aria@example.com
16,Mason,27,Dallas,mason@example.com
17,Chloe,36,Seattle,chloe@example.com
18,Jack,19,Boston,jack@example.com
19,Lily,41,Denver,lily@example.com
20,Liam,32,Atlanta,liam.jr@example.com
21,Ella,45,New York,ella@example.com
22,Benjamin,30,Los Angeles,benjamin@example.com
23,Amelia,23,Chicago,amelia@example.com
24,Elijah,50,San Francisco,elijah@example.com
25,Sofia,35,Miami,sofia@example.com
26,Carter,21,Dallas,carter@example.com
27,Avery,40,Seattle,avery@example.com
28,Owen,26,Boston,owen@example.com
29,Harper,44,Denver,harper@example.com
30,Jackson,38,Atlanta,jackson@example.com
ID,Name,Age,City,Email
1,Sophia,28,New York,sophia@example.com
2,Liam,35,Los Angeles,liam@example.com
3,Olivia,22,Chicago,olivia@example.com
4,Noah,42,San Francisco,noah@example.com
5,Emma,31,Miami,emma@example.com
6,Aiden,29,Dallas,aiden@example.com
7,Isabella,37,Seattle,isabella@example.com
8,Ethan,45,Boston,ethan@example.com
9,Mia,20,Denver,mia@example.com
10,Lucas,32,Atlanta,lucas@example.com
11,Ava,46,New York,ava@example.com
12,James,30,Los Angeles,james@example.com
13,Sophie,24,Chicago,sophie@example.com
14,Logan,33,San Francisco,logan@example.com
15,Aria,49,Miami,aria@example.com
16,Mason,27,Dallas,mason@example.com
17,Chloe,36,Seattle,chloe@example.com
18,Jack,19,Boston,jack@example.com
19,Lily,41,Denver,lily@example.com
20,Liam,32,Atlanta,liam.jr@example.com
21,Ella,45,New York,ella@example.com
22,Benjamin,30,Los Angeles,benjamin@example.com
23,Amelia,23,Chicago,amelia@example.com
24,Elijah,50,San Francisco,elijah@example.com
25,Sofia,35,Miami,sofia@example.com
26,Carter,21,Dallas,carter@example.com
27,Avery,40,Seattle,avery@example.com
28,Owen,26,Boston,owen@example.com
29,Harper,44,Denver,harper@example.com
30,Jackson,38,Atlanta,jackson@example.com
ID,Name,Age,City,Email
1,Sophia,28,New York,sophia@example.com
2,Liam,35,Los Angeles,liam@example.com
3,Olivia,22,Chicago,olivia@example.com
4,Noah,42,San Francisco,noah@example.com
5,Emma,31,Miami,emma@example.com
6,Aiden,29,Dallas,aiden@example.com
7,Isabella,37,Seattle,isabella@example.com
8,Ethan,45,Boston,ethan@example.com
9,Mia,20,Denver,mia@example.com
10,Lucas,32,Atlanta,lucas@example.com
11,Ava,46,New York,ava@example.com
12,James,30,Los Angeles,james@example.com
13,Sophie,24,Chicago,sophie@example.com
14,Logan,33,San Francisco,logan@example.com
15,Aria,49,Miami,aria@example.com
16,Mason,27,Dallas,mason@example.com
17,Chloe,36,Seattle,chloe@example.com
18,Jack,19,Boston,jack@example.com
19,Lily,41,Denver,lily@example.com
20,Liam,32,Atlanta,liam.jr@example.com
21,Ella,45,New York,ella@example.com
22,Benjamin,30,Los Angeles,benjamin@example.com
23,Amelia,23,Chicago,amelia@example.com
24,Elijah,50,San Francisco,elijah@example.com
25,Sofia,35,Miami,sofia@example.com
26,Carter,21,Dallas,carter@example.com
27,Avery,40,Seattle,avery@example.com
28,Owen,26,Boston,owen@example.com
29,Harper,44,Denver,harper@example.com
30,Jackson,38,Atlanta,jackson@example.com
ID,Name,Age,City,Email
1,Sophia,28,New York,sophia@example.com
2,Liam,35,Los Angeles,liam@example.com
3,Olivia,22,Chicago,olivia@example.com
4,Noah,42,San Francisco,noah@example.com
5,Emma,31,Miami,emma@example.com
6,Aiden,29,Dallas,aiden@example.com
7,Isabella,37,Seattle,isabella@example.com
8,Ethan,45,Boston,ethan@example.com
9,Mia,20,Denver,mia@example.com
10,Lucas,32,Atlanta,lucas@example.com
11,Ava,46,New York,ava@example.com
12,James,30,Los Angeles,james@example.com
13,Sophie,24,Chicago,sophie@example.com
14,Logan,33,San Francisco,logan@example.com
15,Aria,49,Miami,aria@example.com
16,Mason,27,Dallas,mason@example.com
17,Chloe,36,Seattle,chloe@example.com
18,Jack,19,Boston,jack@example.com
19,Lily,41,Denver,lily@example.com
20,Liam,32,Atlanta,liam.jr@example.com
21,Ella,45,New York,ella@example.com
22,Benjamin,30,Los Angeles,benjamin@example.com
23,Amelia,23,Chicago,amelia@example.com
24,Elijah,50,San Francisco,elijah@example.com
25,Sofia,35,Miami,sofia@example.com
26,Carter,21,Dallas,carter@example.com
27,Avery,40,Seattle,avery@example.com
28,Owen,26,Boston,owen@example.com
29,Harper,44,Denver,harper@example.com
30,Jackson,38,Atlanta,jackson@example.com
ID,Name,Age,City,Email
1,Sophia,28,New York,sophia@example.com
2,Liam,35,Los Angeles,liam@example.com
3,Olivia,22,Chicago,olivia@example.com
4,Noah,42,San Francisco,noah@example.com
5,Emma,31,Miami,emma@example.com
6,Aiden,29,Dallas,aiden@example.com
7,Isabella,37,Seattle,isabella@example.com
8,Ethan,45,Boston,ethan@example.com
9,Mia,20,Denver,mia@example.com
10,Lucas,32,Atlanta,lucas@example.com
11,Ava,46,New York,ava@example.com
12,James,30,Los Angeles,james@example.com
13,Sophie,24,Chicago,sophie@example.com
14,Logan,33,San Francisco,logan@example.com
15,Aria,49,Miami,aria@example.com
16,Mason,27,Dallas,mason@example.com
17,Chloe,36,Seattle,chloe@example.com
18,Jack,19,Boston,jack@example.com
19,Lily,41,Denver,lily@example.com
20,Liam,32,Atlanta,liam.jr@example.com
21,Ella,45,New York,ella@example.com
22,Benjamin,30,Los Angeles,benjamin@example.com
23,Amelia,23,Chicago,amelia@example.com
24,Elijah,50,San Francisco,elijah@example.com
25,Sofia,35,Miami,sofia@example.com
26,Carter,21,Dallas,carter@example.com
27,Avery,40,Seattle,avery@example.com
28,Owen,26,Boston,owen@example.com
29,Harper,44,Denver,harper@example.com
30,Jackson,38,Atlanta,jackson@example.com
ID,Name,Age,City,Email
1,Sophia,28,New York,sophia@example.com
2,Liam,35,Los Angeles,liam@example.com
3,Olivia,22,Chicago,olivia@example.com
4,Noah,42,San Francisco,noah@example.com
5,Emma,31,Miami,emma@example.com
6,Aiden,29,Dallas,aiden@example.com
7,Isabella,37,Seattle,isabella@example.com
8,Ethan,45,Boston,ethan@example.com
9,Mia,20,Denver,mia@example.com
10,Lucas,32,Atlanta,lucas@example.com
11,Ava,46,New York,ava@example.com
12,James,30,Los Angeles,james@example.com
13,Sophie,24,Chicago,sophie@example.com
14,Logan,33,San Francisco,logan@example.com
15,Aria,49,Miami,aria@example.com
16,Mason,27,Dallas,mason@example.com
17,Chloe,36,Seattle,chloe@example.com
18,Jack,19,Boston,jack@example.com
19,Lily,41,Denver,lily@example.com
20,Liam,32,Atlanta,liam.jr@example.com
21,Ella,45,New York,ella@example.com
22,Benjamin,30,Los Angeles,benjamin@example.com
23,Amelia,23,Chicago,amelia@example.com
24,Elijah,50,San Francisco,elijah@example.com
25,Sofia,35,Miami,sofia@example.com
26,Carter,21,Dallas,carter@example.com
27,Avery,40,Seattle,avery@example.com
28,Owen,26,Boston,owen@example.com
29,Harper,44,Denver,harper@example.com
30,Jackson,38,Atlanta,jackson@example.com
ID,Name,Age,City,Email
1,Sophia,28,New York,sophia@example.com
2,Liam,35,Los Angeles,liam@example.com
3,Olivia,22,Chicago,olivia@example.com
4,Noah,42,San Francisco,noah@example.com
5,Emma,31,Miami,emma@example.com
6,Aiden,29,Dallas,aiden@example.com
7,Isabella,37,Seattle,isabella@example.com
8,Ethan,45,Boston,ethan@example.com
9,Mia,20,Denver,mia@example.com
10,Lucas,32,Atlanta,lucas@example.com
11,Ava,46,New York,ava@example.com
12,James,30,Los Angeles,james@example.com
13,Sophie,24,Chicago,sophie@example.com
14,Logan,33,San Francisco,logan@example.com
15,Aria,49,Miami,aria@example.com
16,Mason,27,Dallas,mason@example.com
17,Chloe,36,Seattle,chloe@example.com
18,Jack,19,Boston,jack@example.com
19,Lily,41,Denver,lily@example.com
20,Liam,32,Atlanta,liam.jr@example.com
21,Ella,45,New York,ella@example.com
22,Benjamin,30,Los Angeles,benjamin@example.com
23,Amelia,23,Chicago,amelia@example.com
24,Elijah,50,San Francisco,elijah@example.com
25,Sofia,35,Miami,sofia@example.com
26,Carter,21,Dallas,carter@example.com
27,Avery,40,Seattle,avery@example.com
28,Owen,26,Boston,owen@example.com
29,Harper,44,Denver,harper@example.com
30,Jackson,38,Atlanta,jackson@example.com